PM2.5,PM10,NO2,CO,SO2,O3,AQI
296.8559528703612,204.31530358102006,76.81760311163085,3.7449632754845905,30.804639912939066,68.43805821623633,231.9274277128369
250.99346613819705,162.3960793260809,8.300746914377475,3.7123538632834054,37.79773423214642,14.687242452891628,49.76714324439469
212.53823581275873,352.25232271508446,52.5399835737924,0.34685424308537643,31.50121128722227,40.83099411639854,68.68984563007328
213.94442808587453,61.82489858155163,87.75753740004907,0.544312370605406,35.65648171287211,9.94949473384153,486.99403818513366
185.95966482776691,287.498939829533,52.166094448208895,0.5664618182767759,13.14619536660823,67.68887707257238,233.02636732046614
252.62151784083878,105.67853571447964,63.774705455316834,2.2451420094447028,49.15721334042195,9.660389965418428,252.93988900671542
112.61717230852214,312.5429530984447,9.998492850488546,2.5033748499364585,10.810088453728984,36.300783499005405,315.03116829776263
146.0030736441423,214.99037740172653,64.30536631455134,0.10249606930010303,8.90460783387817,36.8141501860309,371.835684108118
274.1245124245488,120.25679739098548,97.80990257228949,4.3820666225949,24.925857700510434,46.2131426798826,411.5509688253626
258.60979886019845,188.8754465655055,26.305686967017458,1.6413430406063463,45.946094401390745,64.10115814986347,318.21702139181775
187.94244703881554,179.3864507048777,7.684343540719586,3.0502379591299063,31.76240568284743,25.641499956026486,320.17867066736164
169.32678994866427,247.239456585157,39.591077073409295,0.8720702794280815,49.07648947805549,31.45765637776431,179.67365094354727
100.91339143342304,180.67184209765563,86.26441353973345,0.1178814517196668,30.625246437740905,34.718179219572704,189.94079842921957
125.56341368571289,271.5578110635907,32.65554920873691,1.9508579128458405,3.00721624625851,54.376249980697004,251.90304176659782
209.09874070167686,144.74872723963045,11.328880798300267,1.0745924168138867,25.84215150034281,47.95388104030061,198.45531168928778
96.153641313923,211.26458868994794,86.23324170806897,1.2739627409286551,34.923009942793286,41.17384896274069,41.78148896944904
252.01672962439804,371.59296748487094,89.7947790720866,2.7886586483255376,11.384828537884024,47.89135061750915,189.22124514972043
235.7439976974953,213.36195018104564,7.508261485240471,1.8151347291833442,47.81894793490476,68.37453414569153,71.32094833610394
155.52961330931973,139.11512304184666,41.83678388598128,3.612785598304898,42.56960179440913,6.119035686373484,465.418961738725
32.90902123788342,215.83525312162504,74.24435520669792,3.7747002841749584,10.929098276867304,21.286074420428427,298.171629709323
108.78007528924628,110.67472819493626,54.513575869544916,4.137458241079174,2.052776224377771,80.35164531010501,333.74976855672713
144.87987689211337,234.4045827069193,24.139461478644186,0.7631528367178614,47.89860909588121,98.2472864195086,441.4590625769883
155.46119292784869,363.52702347184226,81.01876450370874,0.9129574585512693,42.71717453632069,76.22286205315413,393.43162187032055
10.50963217462231,285.79089023440133,98.74231853979641,0.10383521556039005,12.227470852501167,25.155267417760953,174.22041920544166
186.5140728684121,277.7839525150367,43.38810312991016,0.19629163864501126,7.33989973359126,77.31432513047011,296.92935761637443
91.62302756717222,396.33227614046257,85.1489992920516,4.382670841025887,31.53949149121243,95.82786105747228,400.9778263144489
116.9067604934396,254.16590334923484,63.26407592337351,1.4579631284634345,39.47138858430154,42.10038665947452,49.31329042612518
217.43148737064422,230.62214942130214,11.708356714618558,4.7511921341087815,40.62755796136294,94.2078755737645,137.29267331805326
100.64014491370823,221.76974894147781,39.07605723801567,1.5084217142679435,15.064939358887235,89.25227071026342,289.9918471656444
66.23791349656136,98.7005878742485,74.66832763810719,2.77941791171226,19.005731868903084,82.91811839438166,394.80653554877375
20.32657088062909,155.79847311876796,77.95493774108704,3.1234654536583917,23.049735039417087,54.255049207037644,149.6919582847578
253.56563512840526,165.80800080821814,58.919969744594184,1.0619953790706051,46.95028696233595,26.26703467796334,65.54157773257741
282.3765407019749,229.54536828127502,39.55647035724695,0.9887090364671746,34.68992351167189,49.91686518648364,459.22335342597
24.11029354532446,273.31292611304724,26.975051525519397,3.433054939655727,5.246334641566811,45.51714095904468,48.66312391303664
98.58585021772964,28.458017461419505,43.008594036360364,1.114960452665278,13.405140545820553,23.14480932476882,493.0099085346077
173.77321911375742,30.051774520665486,79.23822177523654,2.850247764239624,46.750793507184035,92.90825422824464,50.841524376329765
72.22270434836254,25.22606269035672,53.45564896110896,4.646025270573373,23.344295221757626,12.172051656302349,66.98645065538032
186.62574084195936,153.27092060300836,98.5624403795401,1.009237691893747,18.607471782458084,46.97254494187539,404.74298017344285
231.0453004522011,77.23248419099586,76.75502671871888,4.99304457688122,20.72833681684047,84.99761720425163,476.0169733824997
124.95688245858199,182.5362472402919,34.962237403489574,2.9126415888951946,31.50522306402341,27.369062105095797,137.33570546480482
158.71543721445138,60.170011716575495,89.4386167830095,2.0107118198389355,29.731653427922332,61.87474626918334,348.67704711164896
109.82312165279845,354.5553268782829,37.959409192212085,0.33723616546162,4.193710846482535,52.880075552705705,334.1182864772109
76.293268939056,210.93758821812514,47.548683561579296,2.9931898187031036,7.847065793450911,14.872223427172505,320.6077053108689
58.42130566232203,223.39856872701026,7.511145058446321,2.4456053144345944,35.91696613019569,57.69689637869068,439.7410696308301
97.43212513430073,211.6507563915774,78.30871323777389,4.552738927592518,41.562479038770626,92.25332518979815,232.05908002654218
90.73375324075388,364.8646431167296,64.42009157118757,0.19698174229762894,38.9650947834665,93.68804883673617,135.37225524923366
86.56845491112674,335.2951262114119,73.64037442053024,1.020735008542288,18.62291760504867,45.71017079941035,285.1796198248856
120.17198849366768,250.23233224822744,38.23905979410566,2.618479494721388,22.03387862445733,62.37197253427906,397.29450970814537
55.950096091994354,69.97454213707687,61.1936288420065,0.7336326273436488,31.726568164377937,19.701956824314706,34.89914330275159
290.2900833778512,169.9462991965646,44.557584796453,0.6790863792799897,28.883900509481073,51.914017283181124,422.7196476157972
247.79765772994844,274.5723337423066,46.67860879831539,1.5448275330140184,8.868446071293636,64.42654510635992,109.4801365615092
163.22071743935646,353.29973673873803,40.12155200308874,4.954517516936454,8.918815458073224,46.785840698621364,156.66568813270405
157.75321926392112,148.8466916631252,10.194783782283585,1.3350604291715693,5.656395654320418,46.47459976071708,335.5751916120484
213.43796333801802,35.15508947273473,13.70008778991193,4.267905934942951,48.15367819451561,43.380707453978665,269.62855302022973
72.30194374675953,165.09796156638066,71.70479778951814,4.966197729120207,24.90067308164482,57.34412523233947,66.1667192496728
99.26356340627713,391.9452164204189,88.75085039205112,3.2682713370211554,19.211216515348738,5.971077573653222,400.8492173203487
222.79522612341307,195.09203207831672,47.396792067255895,1.0645223801155077,48.02606498259333,97.34302178365252,410.1677817760783
286.64170035189153,54.477806478120414,82.78447895264874,3.135178369311403,32.4885894746637,83.89941087200819,35.51994859016078
27.4368553061962,85.22815140583752,64.24565251327276,2.925294230019374,11.871630826744205,85.026684097129,337.47442826051156
198.17335069087602,237.41744466065322,22.41571608084793,1.5484213683229229,18.459948261527103,76.27233171145954,309.85769324920597
252.1968702327609,354.59460093981255,46.7425585758035,4.843785447414823,28.642660295572394,77.46722880212577,359.66101925285864
134.27771734674104,289.38738149764254,11.98069871295253,4.329700429516629,46.45448173021653,19.277000810430575,457.7525911810891
12.413848312147291,245.26341806580643,94.90959340682333,0.21988611892596008,30.572925032476057,98.10578486159818,285.37579400718255
210.82134044929424,31.214783056287555,5.243494376082359,1.0612223576216055,32.717205728472464,99.16724648612156,316.3513739356152
290.64395252803666,340.44053131843106,82.75218532360401,1.6885145194220008,45.61522775017104,25.93656348893112,340.17234495894496
108.68249048112085,339.2099931803926,79.19385663719206,4.123980245687578,21.35329873221339,57.36016017926354,479.35073605967534
97.41098123571784,322.9931837301289,92.8539172700698,3.7154342570446897,27.105055252702623,97.74072823327316,345.02728689985554
213.55267975123652,200.34637212107688,16.610431501702784,0.18097383541875778,36.31321356106335,93.5474663624922,181.68370839919237
242.2238765790285,71.21399283620384,27.718100640195804,3.1991992443994195,14.796205442437289,28.936872686940628,188.3175022966252
241.71136979418833,273.41529556730745,67.10758829230987,3.9740531917279114,9.462087056376317,25.380674057349527,421.87408792738535
198.60705573990802,180.24981782039868,70.57569759060036,0.7965576789138845,43.67249266660916,75.5971137115464,170.99880680493527
40.765438987543426,44.11602476812683,10.178370780835845,4.60912516368757,14.991010422334885,75.661923616737,111.89546228727899
179.2026640088681,373.26455912960864,31.28249566432203,0.24822048775530306,26.01853981891383,19.063163427346037,196.7431253197746
31.557477415353716,82.60983096524461,43.63819185997788,1.9972931569754049,40.2441072262399,30.110255742905583,229.84386634050745
171.32821284589602,32.24244931796942,71.23880372491395,1.7593532441803341,35.804181009209074,41.88132484346167,223.50914219074613
87.46748643662491,386.89341889025,98.81498666975317,3.3646860667066414,2.816970843364592,9.05355484426874,74.55192046416312
48.57638730223421,24.675185523925236,69.6553391353538,1.571872413586845,45.73017336049427,83.25723888613734,133.53872885171384
226.1376736543903,378.7375206611172,43.389639500785414,0.3551199896619452,27.65577547212581,39.71409015542889,152.53615932223295
269.47367402596814,364.52987282060263,19.12205895870482,4.101169684384487,32.98374875772889,88.8559692032829,229.10668692743653
263.9986438628316,266.828820042954,29.51274548964771,4.697871908124168,48.633357665309546,58.957437026119834,205.36677853232186
211.24213617924437,301.7951983439755,34.83279933217935,3.4597700591795997,43.46550108011333,78.81278739293768,146.97192256525258
37.02120355006455,95.28741618678721,60.079931590853846,4.912183515848342,44.41743633160574,20.866610946431276,465.2560564592244
193.03592191091388,340.405252486846,81.23122439576079,0.9209395975097542,46.2568162730375,51.5637682318007,259.1456741555225
291.6485459183411,377.3019453864829,75.96528947903641,3.6264828383797543,4.88474360321363,82.63673415483755,201.5942552891275
214.8917388628205,28.859361827905925,94.60289627433767,2.2756672624621213,12.892806858024771,40.25426872275308,30.192133463661133
30.52282301841563,54.545319904933564,70.81356405913353,0.4007777939175515,44.5645721970961,15.559907523663753,74.97308439880536
200.93001893029677,174.77139154903855,92.8023956206208,0.6306176338070942,31.18067588230827,71.0947339155979,47.21953526745008
150.76370293515902,313.37299281294526,82.34414613131804,3.5317868995033304,20.606366597970045,71.76408751501272,441.28004117519527
216.33952660607568,129.94318780674732,18.429766851568786,2.3479981175412568,3.775022613350803,48.2477527448603,308.4641186699228
124.012172462745,292.7716210486741,49.718954252796166,2.917993005689542,27.835685664819657,6.489233051536045,308.4533112517121
112.66237172298158,329.90328754596555,20.863582269379037,3.7715621549745357,47.26367721070855,27.86915249435078,35.03878420930878
213.1863347552477,21.425412211505492,48.985170605862855,2.633862940312579,18.273849326543427,74.22148509806429,213.55719623667565
118.97609321962618,32.322724785709624,79.56901321115741,4.262372391840542,15.118573726910494,59.66328458591733,310.7483520975063
269.60625890160907,56.27223300189018,43.05547700189185,2.959927465064705,32.436576658504194,17.076430763449615,293.2913092155029
299.8161094114064,288.99352971098597,80.96521625477905,4.728420496986974,38.74454787968684,54.477720410775916,414.9836243002199
34.8383112116803,264.4751605183805,69.54921857275482,3.3693440350668915,17.182765034008025,7.402005904157781,151.60432173675525
29.522314741629636,395.51057897658666,34.97256802489221,0.46786573565793993,36.88098897538263,35.914057562670685,400.4715887107108
124.74639271493588,125.20665372665194,88.39749403216224,3.208852945899972,38.84514910073243,79.31285773429353,468.4121159467946
133.63870804355565,240.7102117264303,9.336569063118427,2.3765259851271936,16.52179250760686,48.977083154088994,137.8902068954314
98.65154365472924,146.58688696280478,39.38885708407463,0.28561603590239093,22.61147156215143,6.124092485467078,279.52480034695475
212.16236027363396,319.51632037296906,93.80843340243057,0.8299049386500432,27.175325766925326,15.55710523870826,308.52042739734173
89.84631160909578,153.68987612396668,8.342135769739148,1.3188326236151975,44.27578394675054,99.91286580359802,73.4594917229216
168.02495492160412,176.33159235090508,95.24913066204674,4.01441266040988,9.078132023307552,94.05203570987064,372.63182504060194
139.68257887013732,338.4704835908042,40.92622108924589,4.68481784570024,40.23483901906775,76.59626456570103,68.29724191745129
296.16205776270647,317.90989489097535,22.89386723023007,2.2027674139087203,27.950669779089402,14.933144514425306,124.03871265281009
248.1419914080512,206.00080452290553,51.27643693337497,4.202452512594722,24.445956279828547,58.40302485809711,135.90034279388556
15.213790000447908,361.2587782614703,48.58845803105218,0.589765651346161,24.9285213135039,39.58486469165639,485.3339985551527
173.70173103772453,157.10650464575826,22.503311527873045,3.5861721888952385,46.23720060679456,40.805005686419264,113.2811466622376
120.75638058320357,236.14680515810943,79.65509731584581,2.1564127243900315,19.942844118390518,50.89311734327123,248.75645675204103
299.30711485998364,174.66481795562956,99.34934640394003,3.7858068412600807,4.384925174217459,46.308880816924884,224.39426856079598
197.68891399244754,54.5937738870324,36.094955894207224,2.0050679104501588,33.74803941705265,46.20771285666161,438.98999799529804
63.82262324544249,325.8803923039236,47.46421821122572,0.5869799626907443,37.42537541537222,77.42247039651662,473.75114489862926
222.0814230082627,259.3083523822134,89.2440328460307,4.399713862715439,39.50571955966116,6.059069623873441,389.15019591809073
190.99571327440643,290.5136319766084,58.40016444154914,2.0298684340723274,4.0450836178902865,44.187176897046655,249.54705806180863
140.7361512983816,138.14747626447974,71.98937199395692,0.8832267431944463,40.27541614944082,42.800763220586006,401.48305367262986
213.12076071268893,139.69071040436646,72.45565693686609,4.913718890577132,33.11886109376822,34.29416578694343,138.4628436519463
261.9679199896173,227.10616883411865,18.742886326490297,2.1149760729886284,7.662646931385611,85.58876074217115,163.6109915073792
175.207001457771,53.06454575357589,40.109712847080004,1.1248765753957406,26.011457965212863,68.64704244081972,188.19927067402426
286.15614910606257,121.2985914831442,71.59750101597578,4.152864996578281,18.476296949866427,35.90227264349931,312.00670774023416
281.92282544080285,47.4441173505734,99.5390177867606,2.071254446690892,9.838094745023664,84.16042628688426,301.0106170816117
271.03449438763136,374.1249312966383,38.47759809595468,0.4068133059432757,19.728303267830285,92.46085117972613,40.701793291749055
170.01128458686924,233.17976361600864,25.770385778805387,0.21369226071219458,29.98455369850427,60.97279846610082,288.47119264330286
131.1625784185572,58.80793295223172,66.7782354883048,2.5176240453577,23.395187131000284,9.968489437222171,122.08890178501258
191.64438103437234,261.1903681587605,52.629679156680886,0.905984289297474,28.007070425789927,40.4978574350197,286.51755991110196
270.468518318251,365.9302425434878,45.84086666017521,2.6792521246173013,36.52646675988774,10.045064218550078,42.858462359155816
143.71779317340975,22.996281752317035,24.32209910945537,4.920836526389765,23.020456792229318,71.65403394750072,21.802511956675055
208.49067073418766,343.806324483444,94.67282047609797,0.23135587682716302,18.654089066774354,51.57867929552432,122.45382809849481
224.21204170367497,22.463709783569175,35.178493847628324,1.8766426194237418,17.724809800837015,9.629864087000072,350.6072422306892
102.0644310642179,124.33181648902571,64.24321275693475,2.43797272075444,24.67165570893048,72.4720997609552,70.19191789391984
130.7655669339695,97.1151823284536,7.344452225886661,4.162760347165218,45.812596307182844,74.38951959363781,131.89834909577138
254.68393528850163,149.60976450958478,31.06942210612455,3.1982666597467952,22.379872728775553,35.77335396064009,278.2238630796141
69.20273874574615,316.513320562501,37.08877727902177,0.7738790692237711,4.253642553958743,86.72049891956924,431.93437724254653
267.8633829914497,40.12864861313877,91.60477434080438,1.3363586465103945,5.177608785516247,18.543709436932655,138.26489863365217
112.5154751467423,113.54461453747227,82.81152478694975,1.9938408990584073,34.54571486713154,27.43743285795398,486.1446537921972
225.21311170401273,198.05457689286354,34.07291334855837,1.1324186298631698,3.743312141580043,65.17411700153612,165.44203658144926
183.18223698007927,85.89308256925322,27.150434139017527,1.2310902558463095,16.889120828224954,69.33211910399227,441.1289138744143
171.75299567360668,25.837659959639193,25.086006955128095,4.219092119831312,33.67818669618477,89.41101672287293,207.7301626711095
145.16364899922183,283.80666092075785,87.03187875187166,4.6628251260348,37.24387947849739,99.70038796789977,30.7663896958765
104.28141075663127,85.75080465302386,60.04821432891604,3.7699887246173005,4.57295262430741,30.76547832825037,364.36079333288467
205.4835645760849,238.72775509575956,16.07909590070925,2.4947477976274275,46.80745371286538,34.02662047433886,429.36312621506454
31.620468555250522,172.73946134610154,79.73377967129784,0.9188152163718141,16.693912119978584,29.566030344087785,173.50144171152095
102.13904618780606,349.6956874084257,78.36037367407617,4.200798610590642,36.29846566595966,40.045711014396936,103.93085933672151
113.30128699402339,393.72283744117453,76.78396025595315,2.4540295834119425,43.76401925024742,44.48136066979167,78.95320160518635
120.297728915628,377.7303921820154,73.16503443117493,2.9638695002606688,19.202099447057464,12.54169354928393,20.011532329348434
106.6598180362885,156.1302989587156,52.337330482683946,3.1279737513777714,8.572034616796955,63.14237886970736,222.432491133871
247.37088871768393,89.2864428999581,21.104871736826716,2.192029230539733,26.446477129102693,23.909477960628873,484.7299296013731
277.4965081399322,199.63857167764573,24.822144602623517,2.6734846147760973,13.106579675945937,60.578623646780045,117.16738977527183
223.18424750345966,278.90829015427556,87.56106796198858,1.8143213999864223,27.836582514979085,6.18425261128534,372.3638212388925
127.69376753397962,42.389342429665426,36.15104626589585,1.5236147992472902,22.396961710835157,20.732646886637898,218.72065289820742
90.81760227696586,269.733446842825,81.92534438653664,0.3553805890670896,29.726497205324023,26.38868742794217,174.08065181999763
156.08053267767863,64.91930015912679,96.05889821178346,2.2297239905034725,13.108020320907157,32.66849389938134,219.60095742048767
276.0968371708519,118.83279221317451,51.689194755772306,2.7718430291800686,49.37968381408851,57.040905205414916,61.73816363648079
25.20231065473339,195.9661546177299,45.749032669299005,2.26568068273563,47.490442034887316,90.12834322426939,168.90446115579942
117.45879026394041,92.65563602735146,82.67346863521239,0.3283204496574952,38.846041717426296,59.91492781471158,485.04130516555443
129.41870822097565,174.7133792801573,90.8412356014096,3.9466513125825853,24.508132433255632,45.958444511312585,83.84331053935594
208.61891637055467,212.86624742048605,37.78695586229102,4.745432758908035,15.644656602221394,68.48758797841124,225.86915788603298
119.74101431124438,337.34461118989896,91.67256356500852,2.0897073645464843,6.811409291564914,58.304731133891444,63.69018742835395
153.36818040002416,70.4657183740508,84.4000853270074,2.9753170689207997,47.178473398336585,67.0844195546509,121.11489294393992
130.39552570384643,113.41731816414828,25.48559776217265,1.6759746957755803,14.810687076914407,57.83894514047052,110.66687592304406
133.8075986137812,279.87615924087163,93.69590925127679,1.6606862185302742,15.566555021453075,52.994025512632554,108.3457222884538
150.11273825352018,177.83235767930537,82.61793721839713,3.9318075536610446,40.65021365243961,65.80105131115477,351.22384283374817
79.36223894947918,195.04094761065195,19.688944478272447,3.7509661364163303,24.667077302444312,73.77495791947389,142.62656348540136
89.60003343647567,222.52301033069605,63.369563483984635,0.8137829751742011,6.0826043827296665,95.13914396004424,250.99551275849484
206.02001646511732,234.74648537729547,83.34597257241397,0.8524925083292003,26.048794744793096,17.657290422643843,254.10910822407058
239.62036842579712,213.0945232086273,57.47277331119731,3.909684080366603,4.7344384078564925,43.27784439167797,120.84140093719023
119.86320887483555,188.27655521855854,93.53376152304376,0.9633221165902054,46.44569528347576,25.615608208795418,357.60145577176155
189.75399203623567,215.60686033146317,55.16592760514969,4.628948243379005,37.39306496783075,68.65570086435848,163.5246333372985
32.62759302091348,148.37993888016837,88.39190004810982,4.269675182367155,45.97963244869831,76.43798632886897,404.320823033108
156.73742714830556,123.98421342478855,82.10415096054032,2.111273656097279,19.21765588568243,38.81556196130109,448.86479892528763
160.96313292546384,61.834634128285074,35.93017820293528,4.921370093384857,3.824875143895774,21.571354705673645,282.08297862936774
56.37711475841955,63.75692023686844,79.91197124877223,2.1064896279197147,24.658902327290253,79.54214915817721,174.68899767953187
238.26274178641054,182.54129123215208,79.53540547258457,2.9518388992807414,40.94282135492415,61.109008486762356,451.904383914397
50.72801200997294,108.7963768462391,63.003170254901455,0.52188948893178,41.02405402630747,9.73929509552419,276.24902199718395
170.06765399651113,88.16141788548654,78.45572326719387,1.513580431200858,22.84625595892338,44.50594685028036,454.90029209672724
27.75865284771359,239.70325868625986,43.69148654325955,4.547661898898357,18.56899314668103,28.352004611756588,48.10846821466269
83.86679481293277,283.1150674714812,59.39251719461104,0.9313652334421164,28.482267431448545,30.421270426515203,391.16167470075607
30.12226539947573,153.17641489582613,72.23474634457118,1.3962751703580836,48.30576977351012,11.946326446797086,480.1372141732389
245.5049132981932,289.47828031175396,59.31116634709635,1.292907654015404,43.408200408775585,89.5146653382709,446.0598329297137
55.68627554869832,213.8133470141966,18.884578950269706,3.364265218994071,16.339586379201947,39.309274582802935,135.12194289720537
234.8607198762684,237.31188034362103,66.62266524774056,1.0753133432195263,18.958935062941656,22.810750118997095,227.01836679487178
92.8014881747316,334.01421462754286,69.15583885900021,3.3380273211661327,48.448626543725,92.35512044491382,490.8558599289931
259.5673704787287,273.3820021314804,82.98706283508137,1.4491339100172964,13.143656448643787,90.07922331078728,350.8083771154724
49.15460543004015,275.4139802213911,56.02911872398292,0.562751559526936,37.46139173966421,31.661663259607945,253.6923472893275
206.7572396749558,372.1169323017131,23.219051196547007,2.956507501144454,23.56851360664592,98.7638721117503,260.4542552105552
167.22819488841728,106.75278993629743,93.245432242375,4.162706079221485,7.773213259512811,70.14751438839997,485.8512863110282
176.63353269998274,334.1712297463374,72.89777124915182,1.75774714971636,20.92618960887239,46.308842628884676,493.50215726453433
39.60932185672792,153.59734902181077,26.610286180629636,2.5942665813502446,43.56172133608118,43.370150831736936,346.8606024286517
162.7490610098178,80.50405791787581,80.69314397016636,2.4795820235804795,46.992990148093206,97.00929413163222,274.28988191109613
290.5257579263809,132.84836603765282,41.833012692918196,2.576534166338588,25.03811459454937,84.1032684587462,421.3833549561914
82.53276722499325,121.08518781175187,25.534984510752828,1.4150436469053198,18.716526077157845,26.06804691784482,395.6524097566052
30.516965284543993,273.9553996790042,44.845660129538935,4.1947143431891645,22.41564672333905,40.100601471387286,392.85528009486086
143.55717438182504,297.9295921486362,85.09374056853174,2.613826064981165,29.336272546506542,92.04261202038397,37.313748353063616
51.48594557871223,228.28486599461652,82.05685050929955,4.398531236122958,41.52384868607291,23.3132806489736,154.7427642686925
40.069716702885536,384.72108915411735,81.52813494181306,3.5871963098219863,20.150998246667747,39.16342217845654,162.81044020570315
14.842383138880416,376.46850440518006,60.71493302354395,2.166408947568734,6.745909680789923,86.47654040493939,363.86328070739603
18.612088274926677,173.21054914134695,29.042572892201143,4.52019695981758,46.350871323750546,68.94157158567488,247.10322772855324
176.1465858250092,294.22928885456906,31.660700702172726,4.9099136775628915,30.470848945387786,94.19304649362496,379.82783330665137
181.17681245856238,134.9259835266785,34.19017654733628,3.836308585409894,11.763536034582145,76.74968046220624,159.44958727285123
32.85726047901465,123.71892235777514,56.51597541462936,1.7202882148598202,33.961459057035086,27.71294927843353,397.4602947809813
107.11600687415931,97.08388185387459,37.63458473589118,3.991398455760638,48.941868424287364,57.90710816153873,153.3472845108755
250.0542657800136,182.61344323964994,48.47845082060945,0.6429575010713287,3.8801627351069,12.41211076014931,46.32583571764441
124.06116419578791,234.87834425984607,85.3542169590741,4.114996122814947,16.197542030308597,94.08013018849873,319.8707186446819
165.87917510355672,209.2064742018491,21.611563053849935,2.7431424351867824,22.6314928911689,40.656033528194385,293.1937536730511
86.69503873961813,269.87520804247134,20.731655786467552,1.6626857660185008,32.8777012720337,9.87446352358817,437.0655642937216
260.6318202446374,225.28840416447866,18.80144653695977,2.980626539628926,16.4600901204776,65.47907056721095,320.31273914216786
41.78106628824545,163.10119090903999,15.026614748606477,3.3666817254411,17.746231414619206,57.833261570544785,493.69174105618544
238.49701122282934,302.1053844040465,94.40412482361279,1.699636192993696,7.678236581770969,73.09959258338966,419.52995929651723
281.9717706614389,265.67939540274926,10.218618992379989,4.033474067707756,37.037974933901786,48.367237479503174,368.97858730624364
167.43017007936868,238.68399638781284,50.06855521920203,3.5167643804314426,11.706479425043499,81.76497966652587,104.6247057852908
202.65754717276639,81.18397279363143,85.50750980956704,0.21683098493190997,3.8496697997245803,11.164890491122264,124.14269469966135
42.704042017066165,221.252092474613,72.34211162411354,4.517994651154729,33.981112864141046,23.263885115541378,46.933889025273636
149.9009034779792,225.29894703902903,87.01838990340852,2.5570787535251744,35.36316047093951,28.08029938146818,368.5264011396884
260.644765003902,302.9112505773708,57.70632045623017,4.313766992455282,49.02772169587256,88.42839978395193,224.55555227682714
69.39375889805207,189.39616259829103,64.34887441036349,1.6699963849566974,47.78270563904246,56.05799560192007,381.3560230046523
131.60738226512763,208.90878383520504,68.45089910706317,1.7394063145469756,49.45034454907443,58.73451169526413,320.50267334401474
145.96593021068725,184.41905970741843,13.101858590258022,3.0427018872099447,11.225395600038917,26.498758026252656,61.822340946102834
226.3521920457051,100.3067490368885,83.59721002437381,1.2831598380848934,9.730675242772032,47.77191316194142,213.77298588093092
12.579223468556428,222.61841997213932,90.77202186954581,0.6982387602400215,4.587614835275579,19.162354731288332,64.952738230812
43.809422914198485,125.17939895309091,38.553054454382405,3.7841960261602994,37.590448014564686,90.0507932370424,180.32998324844252
44.324250947766664,182.41390239309638,18.973779772664763,3.6363110557763028,14.796193735004527,81.65848209077674,499.7040777442531
76.79513535008459,32.32080623467871,66.86482822855413,4.087877767405691,12.863537709809602,43.65132917614731,59.935489463606544
241.51837237048235,227.62334690172233,63.0866347957049,2.877529300988086,45.72753702029834,12.284132023958353,58.044491991822156
127.48612722670894,78.30782069126396,98.5408881860889,4.406942888763238,32.79572305593657,56.776026956084735,25.33098049722236
106.81188270655254,355.15549239825424,6.1784090328998955,1.6395287708382007,22.328146293266034,70.0397006755862,203.42465949094995
30.883213551455743,396.2942896255174,18.46683614237502,1.1325159126366202,20.120168209249375,25.234342334408442,480.2168451992971
299.3362468099856,326.18816132954686,95.66105579736646,1.9109601374493987,14.71645612488387,13.040914985660633,451.228840992516
68.08276427980734,206.12355893201808,51.90593062217384,0.4680100034117617,2.822388138793551,24.124506927178917,322.41833247399137
223.8267885033305,228.1059090155261,34.12460307996746,1.775880301117127,23.137067049877764,38.76086473127589,76.70001204812624
34.65606540779246,46.510875757971824,41.05098517941109,4.764843354386868,30.886552967564583,68.04060852422462,39.54458592884238
43.614014715774786,382.990882098696,56.84717235779226,4.144454373798904,38.56791077474844,48.633290327447575,192.15985082454205
41.089203854596555,295.73821407078566,19.138971361923232,4.958549862073072,36.57622349238993,92.64469330175176,310.6473325914313
37.10529262247838,280.7961704982549,12.20361725398666,3.9393698766769356,17.839158759792056,49.37984180838199,490.55231949544276
40.862678980455435,351.0551966136132,57.912785622657324,0.6305606630895084,22.844610616552366,95.59264206497866,470.3930862544044
294.2155879145674,220.0682856499641,36.654432531018216,2.2449160927682965,34.8845644811871,99.47698774667396,125.23722760759084
299.74437272583367,24.14354465262984,49.76871377934146,2.729564461772637,44.60545191408886,83.3478897020739,318.89760021444516
22.87879274836189,302.03818536873814,39.469926415182194,0.6561512374364079,9.253170967020026,27.833615437582928,405.354072275448
105.32154770034742,235.1160067896777,31.841216788578215,4.028225564314423,30.68679322997439,54.013029386933766,372.46244057198555
44.94939270722052,366.56688872703506,74.4497995053664,0.3668166753914945,49.839089950635056,27.689898538133683,232.43712311815477
45.193755018608854,223.6086653618443,35.20852481546295,2.314609259513027,2.5836719716434953,93.98120478322858,289.45276352280916
154.0132568004817,93.6992187576416,44.59361255356588,0.19262299397673427,2.987929795964954,62.42833561138181,103.93220151086464
130.24132191884638,82.52494182406778,38.58836623621342,4.923711267822557,33.12631045471055,29.696264627897083,421.966295227164
74.4475808453703,40.430889940861384,45.2947956011967,4.436794970164213,32.97482046037515,41.13079107493275,114.86893598681331
250.5178512526443,68.12232823355134,21.573540220149322,0.2386762439841731,28.508762482888628,56.34010499074716,49.531186756583466
212.17894872894314,111.48176325949372,93.4128918172772,3.234670560376913,15.888960861611439,97.50681355116477,285.26057654504604
48.36391278183072,170.52157798525104,97.10303600952619,0.35952884964926474,38.24849066920454,8.302782207158605,332.68418387653276
250.7035714195458,389.7241394563714,65.54618967224637,0.30652074328623086,45.760737734683104,27.684258522909396,418.15515305153747
233.7083994722432,348.1273096648464,55.66211148302313,0.8959121763363432,22.799707868255073,69.8701643299932,359.05806137902346
155.64249661111194,68.75294815308635,95.20200289809004,2.913152696629981,13.947403334625436,69.1388692274904,442.01065802835217
189.33432924911347,187.93214825817182,96.60024792059681,4.106954301721571,42.53000163801653,11.308939362021981,48.63596909330127
244.65917311582604,63.69582857744056,45.334543527044694,2.5638059266816104,11.247395123422288,45.08425170684205,280.2230286520905
87.50550690021473,373.35525903946495,14.11895261199548,1.2581668255134595,49.05966080269802,60.428843646766566,422.71586505431213
221.0162238525039,104.28495838505934,72.86129507258795,1.018197381419131,23.794575326062336,5.1614233222194965,90.63911914316954
282.08517119782806,24.6608204483837,80.83844444340988,3.5535366249721223,49.91561199065022,94.09207430624026,158.83898823674582
281.67074231297147,133.6365343383402,27.792369447817457,1.700526501517742,22.807962995201564,14.507188467588726,477.9364009631999
226.57901705326023,83.82489369916864,34.860649322622265,2.9407101522592494,9.79948470850581,26.09080286291002,146.07205810426612
116.49009202758717,30.93755730176493,72.8380743153498,4.70566651722095,7.48298767425173,84.20018978715775,270.7625502728181
116.54424238945359,37.35555059606856,90.14830725075846,2.9645692962097465,9.580950125170633,48.372717738658295,77.68442972353299
123.90196185320144,24.59920527000616,39.72225324588204,0.4877319518239432,10.602057925128692,24.247011958423712,453.9920265879842
262.72638521285756,131.6029423755448,83.10485395716648,3.095730639354653,20.01861152779842,77.66601848917834,101.01551903828094
254.65009698098567,351.46483606117795,85.4234172274346,4.3530165021638725,13.547122717148945,30.838918813860786,309.59194406204995
150.5494728956056,181.9334403538355,94.41704066456592,0.5741669559376975,9.337830063785368,19.921189407246178,184.54341471956621
199.25592739111175,208.370522752049,48.60232754835015,1.0573167796423144,35.04286156076694,62.2791180932274,241.14291490374305
279.35960661059323,101.97231622181067,97.05063824177513,2.228060265823583,4.108089191758296,32.808947857722885,302.38188846551196
295.2335176477014,174.47898937235803,72.22109133567555,2.7019986099183386,13.947157356270711,76.84226264183708,269.55619458365913
40.83378950597175,229.53312132834938,24.97946609672825,2.668514268258027,12.366750242723649,6.73789803207541,455.8491992558292
94.57394348778854,322.58296305258733,49.1750425285567,1.0608092345422486,49.37623347283829,45.26555871004656,277.5199932741971
47.7160175349941,189.70095137625705,25.65590389655819,0.14175619658661623,27.632361010691746,50.060276659988865,239.1811370844792
209.4970196326252,44.02933984672096,33.13970940407461,4.476285484675377,18.68331956402385,68.72906835872077,326.2984009995916
118.7148192027036,40.21436833759347,90.74961757284757,4.3081887042882565,18.18556636487756,28.991290534230455,89.06798099969221
36.559640900463954,43.24408174892732,97.4094992973531,4.914470995506123,20.95800834804264,20.140466694078484,26.081592540098484
38.32515180467997,234.15087829639336,67.27955466007371,1.1215319759910707,12.988631908581343,5.355189502621416,331.25026076618
284.73318537934074,230.71107075720568,78.9896193200457,0.6730118294418624,31.344817132644383,18.72673147843589,360.86206646270256
192.9096829134447,313.9123507686117,16.35731324472597,4.6037397797976665,6.821649973515125,88.92092947791102,399.81081975821394
210.3405636145111,164.01287055429754,35.62609204735224,4.7282918315964615,23.68635997481769,30.408726977954153,281.18570094661106
207.22084606098724,159.56162433540044,56.89027784218138,4.91770543573681,7.333244799294212,50.97916639419982,455.68589671987854
110.14525568752141,305.7931115941073,58.52797465268601,0.7924093795709506,35.360448868296885,83.55400016894914,279.21370498228396
161.25148464420917,52.329381428714036,76.27585043342677,2.9174944609659796,32.48251740238447,42.83428996258525,171.91052477631078
289.2532791323165,341.28163339379506,24.44233388447969,4.3803945880643065,41.26675900852059,42.42345678386296,32.620382127328575
159.27889680785097,140.78818392133155,53.47028391817066,0.3673908347917905,2.95975649590385,54.39681279514053,184.17016717102317
145.3603374808056,382.10531330486305,17.722603381759285,1.0736177874539772,24.734453526167478,8.347222127995359,418.5699075969001
189.5418105984617,380.4873519264895,27.113578832955266,0.20727943281331696,33.59209320452372,27.97625990761111,450.0692388282961
209.38015826937385,91.94524549605326,89.88619369968703,3.7067898115646463,17.318655131973305,35.28387634789126,422.67591042949095
299.6734105346525,120.7307417486472,36.30308947216214,1.4888796588844826,7.9349658406009524,42.060540727195715,282.244625804806
143.82161485966347,209.18430340216833,48.756864625132515,2.9286029142815915,36.28260975443135,30.433545695133617,32.43947042456382
259.39691768422176,134.62316774159223,24.35365576682486,2.9660913984052018,34.00628656432838,82.62269414730318,132.0260112710403
49.20246480155367,305.80725108405704,14.648499751387774,4.677465480218166,44.70093664413176,65.49266663446934,475.3793618440361
278.55702474916825,160.93582565335078,76.74696023064314,0.14508144201800155,26.607723883169314,82.70477452198347,216.98632270634315
55.61322451174261,348.5541674070059,63.55997053141208,1.2826844919075795,49.10706986347155,76.44422092109156,60.02058901213799
192.57092303755545,359.4181157467843,23.72938937921125,2.956149961688813,39.93037237605765,60.71732565243652,342.8071529641417
140.37646861857246,224.82394547722598,47.50193262770185,0.4646049002273197,45.44124489898973,13.12996072047509,133.65583276312483
26.35196063675994,201.26793987677442,89.43388015072168,4.545293700544205,14.109551291004585,23.79434807672546,451.8958740519303
52.99615533007224,40.73604317398595,75.30208766284638,4.188444270676803,38.81522199497475,99.40304446791424,303.295578653456
260.05105919793624,166.09476205650023,21.776102173915607,1.3844400845285518,45.364688666202,11.730103632339992,24.562783843837614
231.7663620760715,311.0670013619425,65.44299008805186,4.060838320468396,21.882864260569093,96.30501523035349,39.34977175019469
77.9539524969311,83.06741916316321,41.15395544077801,0.9646931896451058,33.914656535678276,72.0007032642128,187.38769970814593
256.42885168420776,230.47724496931397,57.379064177719854,1.059576387789085,13.164827424868,46.32453919482221,215.01400957296508
151.1863180001459,105.64810379447675,47.13284585682264,4.442092869468048,33.36051119757099,61.52078834012552,419.1476383756202
16.6206165925079,267.7462807589584,33.66999608613741,2.2832809163305607,16.355990026843152,96.061248287926,169.61569580074755
238.3311829655003,95.12066943846564,27.097398549037113,2.636831347638142,39.05444005535744,76.03332632750383,46.45093790092511
85.86360142667316,62.398526090962676,43.16409372840639,2.960316502737953,14.67159905078463,59.396144299323375,196.73254533428866
87.52992234392465,28.845811192111658,36.62044068009901,1.4249352372845066,19.306006333943156,53.06958072703624,85.67848251072604
217.85744238152822,185.32856504942566,71.40972560615428,4.428301994190661,30.423287662526306,73.35775211888796,72.83413528268841
47.98178695400438,81.02741334426824,20.320610358422815,1.8665797883993358,46.16939422302251,50.94083309161992,338.11924036015716
160.77743416573026,140.0947925442557,93.07866355213139,4.362837816579782,10.045922639590136,21.5672347142624,227.34139755700159
293.0497098314903,252.67379911476334,78.48355855655778,3.946311674188176,31.292230069233575,49.84901159927865,205.7446088664782
162.94256049669303,32.683045073694856,32.93904075288398,2.173516991867169,27.550840744157842,5.886866640613363,166.04658063474332
186.74691563701867,185.89779876999822,61.79192129346134,3.8399291713075705,14.497166456966802,63.60272565750729,283.1507546665541
73.54333673401572,202.53413060523593,39.942758006716105,4.469498448620073,18.980371611158635,64.17517806089049,338.9736582025338
105.45149883027555,253.46631478625042,9.592096406480506,3.0259330926473273,23.536821150075298,63.717759064825735,315.88250197578884
138.82371604249258,362.9894034455397,58.20916876317801,4.876993484514173,18.88173040897589,55.54698792923943,210.58633655719058
291.0915391739648,285.6372252492631,93.3886243722412,0.44750714098428485,9.916376398226754,68.4859987116558,368.49324406198076
240.41188941367045,309.841557970802,70.66801756573152,2.153147884471433,22.169182425265532,60.40470292601233,142.18768471876294
51.311501245296775,117.48059011057475,62.204067559206926,4.246797875695828,22.71796446636575,94.26561046001073,396.02353366845017
223.49642943662295,247.7099927369173,33.731790048612176,4.767007576914847,36.57391407453944,51.688276495135,117.46710671234347
207.1976948953674,280.4123155447309,70.1381273038815,2.5963132114231997,44.97349469448366,94.9636310999413,305.3397952865627
142.61502184392006,217.76414763318752,79.28068945130543,1.73631228188587,18.326866936010735,81.63042801873142,108.83075912711809
95.06222137856484,356.4434207796859,19.67777993654787,1.7673946562451,30.363992702423083,29.8535458387253,229.7320101840747
259.4406879235564,179.3676980380529,37.642395208404594,1.3592415846890733,45.620411041141516,77.82623789813472,98.39621595438331
198.3383908113586,364.3177812964555,53.63999257600547,1.6843509983445841,38.742771229618846,75.63778417726243,74.53077044148328
244.34222358497104,391.17773134121103,73.37535578803633,2.6534848559380353,47.35452062707806,88.93428457267123,208.6711660495769
276.818351211643,126.44009420227971,38.38234927647233,4.517710140121821,27.9714910091813,82.49881466894156,405.45709265738304
186.95193823624186,190.31336562667272,8.200113320251793,0.7122782854255408,19.162366551926716,12.843662158706815,328.6152250765817
216.88058673875446,234.82022999097794,98.21116947475876,2.51733474129435,35.41360122174548,14.68121775384343,123.30224381243154
82.0458657078176,376.17389515272265,86.96914163889672,0.1054343817165647,5.931939768337701,24.771105738969723,23.018890242720236
212.44582740986291,170.04812451833928,77.62752962134356,3.8855720845614696,5.707569620354848,20.08519116340007,172.2015049424322
206.83766311973505,160.677603669064,91.74125828614862,4.316584237725474,4.3846607975480705,94.56861249637254,465.13381531740373
39.11510179749981,184.94885703921602,43.56075671492311,3.4289411299570536,30.001383143941865,14.621086036828194,272.40305566708173
88.71382099940602,274.4184831934156,52.07121721096526,3.252709073824731,40.42793300941801,94.49385679899518,493.3885880608873
37.1249053674374,346.6651266424854,15.016511780760124,1.6765730566906138,37.55392947191471,88.16058453447904,57.19296860789395
166.41688800956942,127.97753694349322,64.51446578667861,1.9251719443671218,28.458585137640856,23.468440769182955,496.7487507900151
244.04256639307803,341.9678566513977,58.75686834553721,0.37368543127149995,28.956809574942806,60.27503163248198,253.61503792482412
124.83194992615849,357.41241390160786,46.2096972887088,2.6814067524287646,17.759097595596515,84.74413747538149,281.19998487771727
90.36792857534918,216.7469726025966,10.301537737462173,0.4346374249022035,43.370944100336516,71.64935316418422,428.23731580517375
190.3001123034883,59.065231433313265,44.52247079784687,3.5541943628172223,41.92173564139978,96.3803570349782,479.401013681096
134.41332028275482,394.29207187811113,71.63660013918694,1.3126355749277345,14.790524206813169,25.901232251546517,51.49000107217798
65.67002954564965,256.0306704500612,24.539134851116724,4.400764349901962,10.68471452833875,91.0067085912639,122.03173498650854
78.27185191164115,352.8294660381302,57.94253725696311,3.9311843477580166,30.771440985783144,41.72989703315495,426.9501461607802
248.53008339228379,36.7253921978963,36.171269431617894,1.9442687264232068,7.154001214972789,38.25104063819347,429.3591305088527
88.69294675251777,262.0852331656273,66.31591403011987,3.146970303511379,9.976064297703157,24.198041914520854,216.71694587856746
255.93147078962264,295.6804153259597,21.897406562427648,4.444998533286035,38.051880098904455,93.08661543314685,103.77072414530623
137.18929143492002,62.32321880890476,49.8767804700699,1.3079484758507458,11.794232196815978,88.141185034154,263.5689531647948
249.13002846254687,99.44890916504922,23.89865309407954,0.360866649449518,21.45068137691856,77.74992991038806,258.3937891651832
130.51279462841464,350.5834670191064,67.39299187677,4.643740661107326,47.05059190385068,80.04904501271479,494.7014144360745
141.86613148920918,47.303679926485735,37.29052613532711,3.432650448798433,37.3391101259526,71.0272402084465,170.15600545649784
179.12657028299063,113.99852463910872,65.21852604339261,2.27772576981659,32.78483552253923,40.86574568347288,108.82425570399369
251.25416336227272,344.8183744890068,8.890312447715896,3.919584998209438,3.3183437844211507,43.44920442544223,111.88349051543727
241.72228143626535,205.8039847533886,88.26506544984137,1.8782526756639009,20.51558922567658,73.6845604229682,281.769083178732
179.4364019863196,256.134719533057,90.53614017120817,2.5944824684199292,4.082587771860391,88.69842591020536,56.88519750088599
281.3326560983359,391.489316882492,15.274083582866291,4.52221594542404,17.095788934402393,47.859184367947414,285.33658275045775
56.51424128257185,324.0559430513796,69.22658551198364,0.2720931722047541,6.429393713496902,56.271492890538845,474.2663364250425
27.837436516303207,333.0917480960047,88.81117162461413,1.5376136732207561,26.87183638626704,68.48451574726934,70.74208760735917
59.96791164698216,327.32949830275436,22.48980492829217,0.8713805691092422,40.965589676349666,32.17920110170234,426.7535988047411
231.31394560611213,103.99170159314876,17.355662726135854,4.40976865626538,35.415887723940315,54.58048243216768,42.23554414347358
279.2148486072337,306.2483907301181,76.51257938022567,1.3613095200273277,39.00391235591695,89.66271138027064,174.9072136130209
273.0532918841106,361.289551824316,9.390534053265693,1.6777072369811585,5.204744184540438,39.78949516292123,320.73882159151447
110.94762401272942,121.32064108486253,80.06381242073547,0.5558143311961402,38.86092780900232,84.70613724765226,163.42268599445396
51.30103315951052,308.93020437393875,36.254658570850324,4.466838107056382,30.29033578264362,74.59500516322495,254.05906220355598
134.28435159213885,199.91454518099783,6.496221577597154,0.5285970425906275,42.96676932496106,27.32420224010431,492.3894749694141
103.12311972352367,160.2698147652222,28.858170998581876,2.170174071866926,37.20448532633573,42.27431713926571,498.69212708010275
25.95925951710515,346.42974156794816,98.89306893304206,2.522444263860179,44.29771330368974,10.719693533989151,33.83822784961332
142.1041020920095,33.41232581829785,48.76733686404387,2.515408696141672,49.22143838828069,62.078482737034605,227.25728151309232
15.30784543579471,148.9493073270321,90.55241408382646,4.651347432268515,12.18200906268196,63.42472350116922,345.4128868716516
63.98229615709244,84.17835230556999,51.50173020283464,1.7217281639827131,21.80577624517999,41.2293434199782,200.37181819556443
27.089348583237953,186.79885150555634,95.99122217717253,1.9583558503641112,27.468616102333932,88.88825817715842,266.9998175011075
173.96210385205177,211.90035873420206,20.133872726179987,0.10307001254318793,12.623124029669096,60.56508772822865,443.09771286038387
11.20323575614925,384.3754183744807,69.92389368841124,1.8683606348132014,29.995682292786427,28.605390580432733,74.08615265874458
60.48118323641548,214.46637891390245,95.90752362155973,3.494158463926409,16.611980003475637,35.40215600455242,411.33295553453985
50.3255178940497,184.42840650897307,26.046812824819593,1.3255438618904307,29.503865103097848,52.466963128832994,195.86015275735286
71.8312822088308,357.1959661565494,6.945779887013478,3.4415547275676315,4.359451340451178,14.510875113944344,380.4999162804019
207.73286111208347,170.08627746086447,87.10477473338264,2.7882303016028476,34.2279080876496,81.28843341741053,97.38198841298966
240.14346769991758,23.14815486195316,50.85103367218508,4.773171759467887,47.68585689162673,82.4274810063577,251.59928706847148
188.35917770456294,99.4670230385181,50.95701435873059,0.5087496263957099,46.994519547498186,63.740105656660724,381.0050950502167
172.10451593083798,70.59170618632321,89.17867162582819,3.181925330038244,20.802594339203015,35.66655745647006,139.71105343819238
222.42385735550334,248.0683821620297,52.039296862801216,1.3430267636143554,28.88949090588983,41.35470174845109,440.46520337416854
25.19733929646441,55.2823496134218,5.599109034383899,2.4808777161137816,47.714089014535496,51.57118793835845,298.8120499271453
270.91235822705437,304.10077468435185,35.69726351988059,3.788243065712055,32.993625584384546,95.51848786773868,20.8964636827805
119.73348438903157,240.40447045277054,40.58272661899115,1.8227254844070422,6.854643907955191,46.862093818027375,333.2120294191512
92.25886562793771,90.62977822460846,5.820589154017885,2.688105954711651,49.897978495551705,9.89530775841728,395.05455195856547
173.55715386858327,311.04456951596825,89.86173648155007,1.3910686878970988,18.602464366106062,83.36281086907275,25.00179146203422
118.93214717400599,29.702688905999825,16.372110606301188,2.9366448114331036,29.343114057472597,59.71963807319985,68.03962052792116
71.10239846867975,327.94874078200525,41.466646378576165,4.741235634046512,46.08416907681476,68.58209053844972,174.09573584862272
187.58391436114496,155.2201236752699,47.8937727686965,1.1760317616677534,2.600706449812545,41.31223246280889,118.04823626508416
83.95308799971708,55.96619054372128,92.60677407586265,0.2703451924449024,44.06946040545669,35.28665741776216,381.828899592772
284.08060601959323,119.06013443374154,28.143479695417604,3.8427157181090665,35.62689371267524,66.51537733164128,394.7310592627609
243.86669883918623,211.50669323339937,37.88286226183049,4.7087374515594895,31.289735823912505,79.37880488065056,177.994791407281
298.78138416643924,199.38299751748778,30.299020531550813,0.340731270460732,30.943389948545295,32.802562910146264,150.96487334357138
169.78036321312445,169.4740276852652,79.6271464404201,1.9144174005356607,39.888800020617175,91.92321131627045,348.34586506100123
136.45087381602852,282.06556473124647,81.15485116067711,2.8425985567044036,12.356318028279913,61.756725251885335,481.75714582138954
18.82794086650945,218.22375968567346,97.88410015714973,4.224026697478134,29.72830020148001,90.10996309925793,172.78580293030532
27.85105345464508,169.40403038748127,37.30198106343357,0.3379169080539404,44.291429603288805,35.020000283907315,398.6170619838251
68.40419834323575,344.04164888621364,7.132442214941155,0.9406772343307925,46.67799245661291,73.38357204012172,274.9625265773808
181.60279083997955,113.2074758975147,12.97059353902249,4.9192442867197075,9.936617456360596,19.06483453930205,172.14391654769332
286.14492548975346,84.6198406387066,74.23695255534622,2.6286545070457983,7.7616771867529515,25.831259916154814,378.8680786669043
288.6129496774115,30.652001898684503,87.59348772250294,4.411143999346185,36.04071119494664,82.47030027284585,214.46478097178638
156.72191289028126,332.910924997194,18.494217121037135,3.833290961673168,18.30978817452447,70.29420915452066,423.5517826993909
259.10869411625384,143.7363667169307,67.77536726015548,4.485632307619473,43.6745481757646,73.55520428803969,393.8288962708372
227.5295503708076,336.97380910936175,41.106486277792506,1.1728018773085545,22.139535473078297,96.4447574214091,355.5343612913313
58.180081474768784,161.78782738960558,71.4909131583255,2.603263218523237,48.88160245312232,52.16230575728575,486.1917874539974
197.84770112890897,148.01843586215796,98.64333440101557,1.0826838388652362,18.35843949770831,74.0020043923793,112.76872200464653
51.2502037235763,182.67186125015957,24.100758036212873,3.782809036784281,31.12532710683175,93.50465848225035,427.99227187311817
246.49461773161502,297.32108869271633,24.973659464109655,3.6396037143783553,32.489262672575315,38.15791082309827,315.97221848004943
273.6226085543021,294.0082325570763,68.65908953080171,3.351272210193066,49.874043867488794,65.51692469981262,255.69736313473922
176.2190120633888,100.32290253650504,43.14777891580394,3.6928700484872206,22.467246254716706,79.11445657270107,183.51731053199305
299.6543675420319,33.69853272674264,26.670641875783698,1.5920606657583167,14.252731300541903,82.28598881902045,418.63895437745515
170.63379647600127,355.93428657938273,12.620700872253474,3.653225165290846,13.61288519734812,74.49809281123089,59.29554280638635
215.1752760236614,93.56232693479066,76.86741352615944,0.7695376659864048,29.07753209611163,74.23960990942633,406.8453338281293
85.75479947865689,378.4342631944546,19.74393388357298,1.0531982378176934,23.711494812778522,47.33484912424157,34.89512094343972
125.39640080578738,307.4563279050599,13.428834259479178,0.36777413859565616,21.996576597110533,19.75114960829348,398.9498229752268
28.23839366530829,238.6805978750695,40.24731820359974,3.6918143221302193,34.50283237079766,47.76136428818404,161.6649766756822
76.28487738363609,338.5409741129516,80.0589435127951,1.5644849274286585,32.32677627693428,8.71404669099587,484.93494607035416
60.783715130493,58.2994109032401,68.98757935543331,3.3229770454814607,19.768517973059136,65.58232580067109,395.79640581215045
249.9728777677894,84.42109797633596,53.43937915983438,2.4046481536813356,34.1655090343085,72.85261414045584,347.33671892498444
176.50868986370202,176.6714324859172,19.219917569914116,0.4005359883603686,13.18047006782314,48.96139736239183,357.41975957885535
262.0157673365885,29.818467512902927,99.21511260296651,2.6007959821539357,34.97180381373098,53.34099552252656,237.01398465709468
23.132955628568734,310.09319100429593,87.2835351811122,3.689960067113068,43.68438768700151,70.22414489365133,462.9637901126741
297.50522794319954,228.25055432182904,91.03917914635302,0.824056368365511,46.94297636055332,96.37714366876543,336.4087646358906
149.34516216783143,308.8851053620663,47.347093038282054,0.83061275011866,5.022827328204201,13.814890440746034,446.23732129391436
208.10345696075157,66.05162530461361,93.18839541662604,3.8272725510946923,35.19466749420546,83.28559735352152,242.96727512812143
286.1061942109992,157.8122991895554,57.20078901984492,4.459227550577841,39.92763994616589,33.274231097223264,474.1282846465845
54.169989170476256,70.58351429972909,13.232741383837332,2.1279090514469226,32.811076261952564,49.443187720204016,481.2032170288226
85.75629763253566,289.34537315297996,24.0501376186054,4.852594485067487,35.1320064148735,65.6533589691262,406.16558136059575
105.21565974695608,240.0824126122772,68.28555788133504,0.7477260508186799,7.957853726878104,75.99074009365924,352.4784502150866
96.75273039009076,38.56175665055121,35.40483762059187,3.5475113673509697,44.50524327869302,76.79282422913194,351.450667601609
77.66803535351895,334.2018903343254,64.82393841704003,3.1343742407111015,20.11220966067524,97.12947464931123,106.58995694949779
206.14446160495032,261.0293218151352,6.678803705527193,4.4209970615555365,37.272070757216646,62.67083989239056,224.62380069941037
197.02765002860812,394.2221606627304,50.71151150621447,3.993079815940932,47.596242242712606,9.789304981118706,383.0722916443017
146.7000485627841,341.6640808965741,40.36435006775639,0.5164202635148761,17.19132229964663,20.311583000246248,364.0905919043846
69.1047645237201,112.13441631859996,64.07846736414332,0.765156164155181,14.980377639233478,67.94727988248758,447.9936823231477
183.0891289699858,193.01396022442214,9.473774115385524,3.3318102274459727,19.534745084737946,97.86399747396662,204.4171814221919
206.39894392073072,56.33896667717932,91.54088315092706,4.7522544507685,31.022189084853384,90.72144649700212,224.6275182894985
211.72961344481322,199.0790159881952,99.97814655468117,4.837926703607401,23.199441745761433,45.13513672437882,128.6213135108699
194.0363929835063,251.45091752114718,33.77412471327675,2.2885483729000544,28.543460210012576,36.267026660520536,169.21753388056925
36.896431886967754,43.21475146038226,84.43409133226163,1.9778693681321464,33.042286861590036,24.450599341855835,310.7078071225359
223.50249162104572,239.36244668014675,90.3432494333621,0.37219109046163507,22.41702880199896,21.670021253562215,125.68951365326015
242.46625316254898,375.68811019598337,33.80216476606955,2.8464203384694,41.2047407356129,40.872074858255644,113.29264891932839
65.3876420581717,36.792936563587126,91.01391137522444,3.8948688623957364,7.621967210995674,65.74664580688554,326.365898814912
276.44413816494733,216.28860668219798,88.32177058849949,3.5447231090885345,11.701660356800739,45.98907529919303,20.58926924196056
271.2450095402163,345.2269140310195,50.21860506379798,1.8288659984738938,37.43228987763244,34.11402212975885,310.1643983715582
71.22107426649127,298.6047034987918,60.83041032131812,3.985630957404826,40.76552735866741,53.58358603461595,479.30962688317135
75.01782131507429,139.56067565954532,34.781604540091706,3.657311974846995,33.65249857027365,56.322572421166534,74.09653503702457
208.2653596748204,240.3987673093546,16.018402892390977,3.552516880262331,2.102883853987505,82.04902356180085,302.82952088836146
196.8386490451864,350.0274889528535,73.08090115031084,0.9841583429673745,49.643375001460726,55.39105159331477,375.8315659125326
200.60928607068715,160.514972489799,66.41768884260429,0.7905923179413861,41.652608159083925,14.922649568073474,395.1026406582963
251.13660898118263,36.062494934103896,36.73307120640202,2.3019772539142638,5.059358383910983,50.21466434854913,407.70665803042095
17.847441346958988,27.01132934046241,61.11878865376123,3.580659977280275,44.865418345698664,68.76732805343838,318.1676381294107
93.4639289858424,42.24740645023962,8.530159886532832,3.6447818139277595,37.04037524468335,73.14599627644007,486.1074588228385
288.7587060927003,310.2335946027541,22.26849727012266,3.1511653961465096,22.064691981859436,37.477811752597816,171.55220844371343
126.40596131949415,153.3507205349525,88.4665594888048,1.5116829176730353,28.857614127234392,88.76298448448863,359.0973921906605
187.94521237539752,226.75927147384036,87.89714234870006,0.7779497916409654,29.937534483522224,57.09178172366197,419.8361757764842
204.01838890696072,178.06340682824828,69.960734066847,1.7811389997456057,41.221954609406176,73.29591970638194,316.8339088121656
280.04979656809877,294.16399507714874,95.7587681111904,4.774051220468482,21.060404714729618,31.202723811123533,82.44056173776185
212.8905832754168,119.4473236096595,42.8099864275876,0.25209439150692,25.784302027344786,65.10876993369298,376.9280773744482
240.27840786650364,180.3313947794228,45.48571381034933,4.506017298963384,44.77185081485494,24.025747422222693,115.39992910818634
92.61246170292995,302.27633588449237,87.12360473807607,3.622578597246387,26.70454678662357,68.95927704249655,143.32316544955918
68.39394997657442,82.04301634248071,9.279033211849836,2.5190173134516116,31.485939119487917,63.44399554173598,127.3056461830921
199.72142387342973,379.34344887123643,39.40429498224735,0.8410411899999264,8.247996663581764,8.71682349327114,406.195379968418
235.43927352240848,104.52484641338539,12.997450678086102,0.8201565861423097,3.652300807588885,21.24623077213185,132.11300977405304
277.1195982699461,64.6832924104867,99.43722169474998,1.2177448769312538,8.290972181634233,44.48686848033239,189.20444682290938
95.32085851143447,264.8654928371315,51.2794662017041,1.3988029678561225,26.87803173602841,62.03393827338098,361.7144014562619
141.5739394875507,124.90586952362055,86.36302224207172,4.917667081981846,8.904842516971918,46.29625503433342,110.34623394288025
24.248722233227994,172.9048260601667,76.19985270156192,0.8744089762359929,28.0781519481379,13.181344043879726,476.2608096398485
282.5173924787689,128.84763273134405,55.34021512185243,2.5349596667898955,44.64507190726077,38.32157281951781,431.27912937851573
224.41527261515157,221.62668489870043,41.01833996627573,2.509025346603489,35.747478902933665,86.05138968224654,172.37247638960608
201.35524413349575,372.7903832447648,83.86774452445766,3.074354617629332,4.159086026067582,5.15352757655284,387.0174144819007
63.79736340629247,164.74327854479543,66.52280148338251,2.578541797500244,35.88588640433709,86.82358667679648,118.2605051824877
159.39126639032472,360.36186770049295,68.63655290152295,4.013377292447015,42.70453873653423,72.41691093577063,369.1611654251348
79.79796104153532,50.15467703511523,35.86596344421126,4.5307979408711025,42.330541495897265,50.947945322996674,293.526170410245
223.76439288684833,84.37407155640682,97.05939670541296,0.34542518264241795,25.467503919416416,32.051731011344444,29.533785384343396
160.51806349830255,391.47439744645715,32.72859616692709,2.9992621557015338,41.29392744903217,54.306795879994255,235.65309043039287
70.61829790242403,322.9367749118797,78.01837622251612,1.342492816076065,19.6735279132251,69.52597722356704,137.20370118369073
227.7362660709404,107.85577898602621,77.2261490354817,1.2304492027351241,14.475839494063118,15.034976777653487,61.16317416196446
279.3525902786368,33.5734229592461,93.3284291184398,3.4852554260073183,48.75265276920408,81.69376845908084,255.3333867578426
103.39991182818578,60.82079227085114,44.329455424842166,3.6007625819087488,19.422591845535308,25.078872641063494,469.38312535969413
266.64374745618863,339.66852025147836,46.25222200882364,4.902893466890759,35.86500891565171,63.272756683889305,72.87833888498474
171.88379735737007,276.18203276407087,39.47426261578033,3.5744243422346864,9.023043619646053,34.57695950619321,218.049027501446
213.87861495067318,222.2250453980649,88.54630542330354,3.888155085264682,10.241575868500005,95.36116224920177,219.94614731283195
159.63954036453237,178.0110236839652,25.60865615009133,0.6508566219882237,45.12135812392696,15.309604411466777,425.6125276876183
146.85381888761435,367.27908250703024,98.25931937585975,1.2015251733059147,41.66786697514237,47.81078312751348,111.48081555720097
145.45862461752282,239.67165789253966,85.86780329657337,3.4488816478491247,20.9069641755853,10.101117973779727,70.0541867715164
18.92777333609256,316.63549562221203,41.8999377718654,4.071584614843504,7.5716677224548405,12.740759686162946,368.22815469683195
124.65958503404725,150.51888791479539,87.52071121090448,2.4758559432333933,45.873685765238235,45.84366405086221,24.767669975384212
57.74504225654978,354.61725661359986,60.03968052979264,2.125896647958076,35.7699248648324,74.90734263188496,70.61147002168623
275.27117505884416,295.5896337301682,15.46816843464799,0.3894109399883885,43.70406116533167,66.35430273435911,470.2073031852863
285.99663542801153,397.8064636435555,38.777810469592595,2.3680526794193395,5.590185524049591,11.354287563775877,218.5696948396192
222.5357730289783,256.7710871166427,53.20921185278292,4.511190925632458,8.616889550389276,38.93757639650419,420.2863845452307
81.09469320050837,213.77635154889418,54.508849835673566,0.4212236035180293,16.260776054926907,64.79756521570147,158.5813572663819
263.22095868526867,396.0050227322041,65.9447702982846,0.8900448654089431,6.923967118045605,60.35449451864029,108.64290438297118
221.5102856643718,34.59304407371134,36.85898648197726,0.4187022789903783,29.515720040073454,6.559619919961117,43.837372880813206
244.9956381325679,320.60147691679833,24.45656659397285,0.12275805601706932,25.885104792804142,19.12347622699035,345.95590248682817
239.37510299506832,331.06125369444425,28.613907892372847,4.956271300373678,10.91658677530897,89.85350353289738,393.8025361040551
262.73440997504645,270.93934036706565,77.452838985935,2.795719762338223,47.12173071334878,92.34869014267227,186.57712652972342
242.67228691319414,193.18662533392782,13.583085499663648,3.8750082636105123,16.074080513050127,77.78159176961992,379.9954350855705
261.9564308891703,173.0437342756528,61.73412161734829,3.862581830719933,2.6543611268031118,61.6719070336559,321.6838293839231
96.18531756583896,90.00887850254246,42.35279350280126,1.065546592265923,30.75942306496122,29.596550946247977,230.9899285725641
272.21075106688386,92.8648647470625,89.2618124037575,3.942635634884749,44.305288111393025,53.47316451522037,408.9321994397418
104.31613942774932,131.31632140835092,31.799918607826765,4.156662088289387,27.25097015004186,28.77610940864399,120.02020359308537
85.4387933527725,113.44752045194252,54.950001408149554,3.3538926152124198,16.65380392545327,77.87038085344813,243.20079026670209
227.7409441171316,127.77143844311804,81.72551753933558,2.0059814035716075,37.20328065086259,19.493911746358233,319.35231886611064
285.77314214184963,332.5673719187619,29.02636319039093,0.37134389996030287,47.886737730934286,60.5414236308941,233.67438395986005
180.68098947695995,46.32564589893641,42.86238211049641,1.5666609983946058,8.497320823488485,79.95998584581471,277.6421508587617
